{
  "superadmin": {
    "employees": [
      { "id": 1, "name": "Alice Employee", "department": "Engineering" },
      { "id": 2, "name": "Bob Smith", "department": "Marketing" },
      { "id": 3, "name": "Charlie Brown", "department": "HR" },
      { "id": 4, "name": "David Wilson", "department": "Finance" },
      { "id": 5, "name": "Eva Green", "department": "Design" },
      { "id": 6, "name": "Frank Miller", "department": "Engineering" },
      { "id": 7, "name": "Grace Taylor", "department": "Sales" },
      { "id": 8, "name": "Henry White", "department": "Support" },
      { "id": 9, "name": "Isla Thomas", "department": "Engineering" },
      { "id": 10, "name": "Jack Lee", "department": "HR" },
      { "id": 11, "name": "Karen Hill", "department": "Marketing" },
      { "id": 12, "name": "Liam Davis", "department": "Engineering" },
      { "id": 13, "name": "Mona Harris", "department": "Finance" },
      { "id": 14, "name": "Nathan Young", "department": "Design" },
      { "id": 15, "name": "Olivia Clark", "department": "HR" },
      { "id": 16, "name": "Paul Walker", "department": "Support" },
      { "id": 17, "name": "Quinn Adams", "department": "Sales" },
      { "id": 18, "name": "Rachel Scott", "department": "Engineering" },
      { "id": 19, "name": "Sam Wilson", "department": "Finance" },
      { "id": 20, "name": "Tina Brooks", "department": "HR" }
    ],
    "users": [
      { "id": 1, "name": "User One", "email": "user1@example.com" },
      { "id": 2, "name": "User Two", "email": "user2@example.com" },
      { "id": 3, "name": "User Three", "email": "user3@example.com" },
      { "id": 4, "name": "User Four", "email": "user4@example.com" },
      { "id": 5, "name": "User Five", "email": "user5@example.com" },
      { "id": 6, "name": "User Six", "email": "user6@example.com" },
      { "id": 7, "name": "User Seven", "email": "user7@example.com" },
      { "id": 8, "name": "User Eight", "email": "user8@example.com" },
      { "id": 9, "name": "User Nine", "email": "user9@example.com" },
      { "id": 10, "name": "User Ten", "email": "user10@example.com" },
      { "id": 11, "name": "User Eleven", "email": "user11@example.com" },
      { "id": 12, "name": "User Twelve", "email": "user12@example.com" },
      { "id": 13, "name": "User Thirteen", "email": "user13@example.com" },
      { "id": 14, "name": "User Fourteen", "email": "user14@example.com" },
      { "id": 15, "name": "User Fifteen", "email": "user15@example.com" },
      { "id": 16, "name": "User Sixteen", "email": "user16@example.com" },
      { "id": 17, "name": "User Seventeen", "email": "user17@example.com" },
      { "id": 18, "name": "User Eighteen", "email": "user18@example.com" },
      { "id": 19, "name": "User Nineteen", "email": "user19@example.com" },
      { "id": 20, "name": "User Twenty", "email": "user20@example.com" }
    ],
    "clients": [
      { "id": 1, "company": "Acme client", "contact": "John Doe", "status": "Active" },
      { "id": 2, "company": "Beta Ltd", "contact": "Jane Smith", "status": "Inactive" },
      { "id": 3, "company": "Gamma Inc", "contact": "Mark Lee", "status": "Active" },
      { "id": 4, "company": "Delta Solutions", "contact": "Emma Brown", "status": "Active" },
      { "id": 5, "company": "Epsilon Systems", "contact": "Noah Green", "status": "Inactive" },
      { "id": 6, "company": "Zeta Technologies", "contact": "Sophia Wilson", "status": "Active" },
      { "id": 7, "company": "Eta Softwares", "contact": "Liam Johnson", "status": "Inactive" },
      { "id": 8, "company": "Theta Enterprises", "contact": "Olivia Clark", "status": "Active" },
      { "id": 9, "company": "Iota Group", "contact": "Mason Hall", "status": "Active" },
      { "id": 10, "company": "Kappa Ltd", "contact": "Ava Lewis", "status": "Inactive" },
      { "id": 11, "company": "Lambda Co.", "contact": "Ethan Gray", "status": "Active" },
      { "id": 12, "company": "Mu Technologies", "contact": "Chloe Hill", "status": "Inactive" },
      { "id": 13, "company": "Nu Enterprises", "contact": "Lucas Scott", "status": "Active" },
      { "id": 14, "company": "Xi Corp", "contact": "Ella White", "status": "Active" },
      { "id": 15, "company": "Omicron Ltd", "contact": "Aiden King", "status": "Inactive" },
      { "id": 16, "company": "Pi Innovations", "contact": "Charlotte Adams", "status": "Active" },
      { "id": 17, "company": "Rho Systems", "contact": "Jackson Carter", "status": "Active" },
      { "id": 18, "company": "Sigma Global", "contact": "Amelia Allen", "status": "Inactive" },
      { "id": 19, "company": "Tau Digital", "contact": "Benjamin Martin", "status": "Active" },
      { "id": 20, "company": "Upsilon Solutions", "contact": "Harper Moore", "status": "Inactive" }
    ]
  }

}
